australiacentral,Australia Central,
australiacentral2,Australia Central 2,
australiaeast,Australia East,
australiasoutheast,Australia Southeast,
brazilsouth,Brazil South,
canadacentral,Canada Central,
canadaeast,Canada East,
centralindia,Central India,
centralus,Central US,
eastasia,East Asia,
eastus,East US,default
eastus2,East US 2,
francecentral,France Central,
francesouth,France South,
japaneast,Japan East,
japanwest,Japan West,
koreacentral,Korea Central,
koreasouth,Korea South,
northcentralus,North Central US,
northeurope,North Europe,
southafricanorth,South Africa North,
southafricawest,South Africa West,
southcentralus,South Central US,
southeastasia,Southeast Asia,
southindia,South India,
uksouth,UK South,
ukwest,UK West,
westcentralus,West Central US,
westeurope,West Europe,
westindia,West India,
westus,West US,
westus2,West US 2,
